{
    "classes": [
        "sad",
        "haha",
        "wow",
        "angry",
        "like",
        "love"
    ],
    "datetime": 1504009388.3307986,
    "synapse0": [
        [
            1.3665931094747072,
            0.3282566726112239,
            -0.4754416862195043,
            0.6743174180051656,
            -1.9032527391545628,
            -0.25054769842638674,
            -0.7799700332225903,
            -1.7241371054428603,
            0.3480697316918052,
            0.1858328614854615,
            0.421189120097877,
            0.3033316008494081,
            -2.171050445605028,
            1.5471527651591814,
            -0.8445367342409412,
            1.6918272884566257,
            -0.7013740970007095,
            0.6806906665828614,
            -1.6275095173419734,
            -0.854774125608577
        ],
        [
            1.1314231406379482,
            1.1583381555480585,
            -0.10524477014727579,
            -0.19676078181640108,
            1.4981996347545872,
            1.2884298339069133,
            -1.3604902925079805,
            -1.7557506011480588,
            -0.4745621336639595,
            -0.1613152369137109,
            -0.31844234887767825,
            -0.307281822331203,
            0.9113949575471902,
            0.6926280638050605,
            0.8191451714779395,
            -0.7692195402048632,
            -0.11633510629379432,
            0.5033220291583198,
            -0.33997644217266076,
            0.7220389262556284
        ],
        [
            1.0759960648526514,
            0.7744258822236287,
            -0.10267875839759125,
            1.1210577551090384,
            -0.8847446557550641,
            -0.6428255120715975,
            0.46915716375427025,
            0.2868478862096397,
            -1.0012658962301288,
            -1.3691227572615752,
            -1.0338473638009384,
            0.6350136923655971,
            -0.05747783774386635,
            -1.1883749202370677,
            0.7916662992870356,
            -0.2821497023909194,
            0.6339846042427971,
            -1.2718767843370073,
            0.14216760642545453,
            0.3480265232376297
        ],
        [
            -0.7560009080931981,
            0.4015414995314947,
            0.09342275492948354,
            -1.2875788409878977,
            -1.0204310250979354,
            0.20867397585607075,
            0.8485087446540877,
            0.2677807248927114,
            1.6605908856933118,
            -0.22856004325768095,
            1.2844729733189864,
            -1.5454141858374562,
            -0.6535135827408496,
            0.575145051166084,
            -0.3774576857129932,
            -0.989325694551653,
            0.6346277607704414,
            -1.5563085169935587,
            0.4433434948633327,
            0.6657080093760351
        ],
        [
            0.7893647950675823,
            0.8399101499891137,
            0.48379740104931873,
            -0.9435838766767233,
            -0.9846638246073021,
            1.4470422333829223,
            0.8194592132495995,
            1.917797633430093,
            0.5740848527439956,
            0.3563798876972502,
            -1.0706031429650964,
            0.6950554815752192,
            0.12713291754561892,
            0.3757208846157324,
            -1.0547709568569192,
            -1.436774877508993,
            1.9427140168830015,
            -0.44090055304839265,
            -2.398420737654253,
            -0.3030680517473268
        ],
        [
            -0.6775170773294057,
            -0.2843015450279331,
            0.7288261741509845,
            -0.2201643757901393,
            0.16599784146924024,
            0.0075553347924059815,
            -0.00888586627832338,
            0.73966082584661,
            0.3213880478417088,
            1.8775804292696747,
            -0.9726005387922435,
            -0.8555845183173921,
            0.912701954569199,
            0.20972417569453106,
            -1.5320998813441824,
            0.3767510046545859,
            -0.004404423694627253,
            0.6599824473643835,
            -0.2918225028492402,
            -1.124526295851168
        ],
        [
            -2.332991944227848,
            -1.5252179812976985,
            -0.9474901785145312,
            -0.9774026664439027,
            2.131507230936871,
            -0.3639425372697197,
            0.1661078919159766,
            0.9082440342173281,
            -1.9522182866876332,
            -0.18282742660061335,
            -0.7213682631445858,
            1.547309400796915,
            1.677208586562895,
            -1.2716004408046404,
            0.44467934247080676,
            -2.0993355343996125,
            0.36908973072007484,
            0.11225457655656275,
            1.6022227980930697,
            0.38019042714780704
        ],
        [
            -0.4008759137108723,
            -0.9680407647734146,
            -1.4253615880304713,
            -0.6504638947727749,
            -1.252135907925734,
            -1.8026168816527792,
            -0.46035998682924545,
            0.5097230900219436,
            0.4578564535060014,
            -0.5719463674498985,
            -0.5631511924622202,
            0.4676091740508494,
            -0.01878990123440581,
            -1.4782902066314703,
            -0.23250625174092346,
            1.4786972595766732,
            -1.476148451904562,
            -0.3349335409086868,
            1.6624736553453223,
            1.2229772242782695
        ],
        [
            -0.4220305946651988,
            0.26563400200139353,
            0.5763446942363785,
            1.2004608973064164,
            -0.7776138796181796,
            -1.501460160068607,
            -1.2079895549935138,
            0.6723098113363326,
            -0.3641576500961563,
            -0.4914770273251632,
            -0.4378564608972191,
            1.2545749353106896,
            0.678756368747616,
            -0.9591858937344011,
            0.9104164189621518,
            1.1017940691879518,
            0.8242151801651316,
            -1.0354948188230046,
            -0.9037737985242174,
            -0.31132180097602
        ],
        [
            -0.2539213676485742,
            -0.8206031962651055,
            -0.039685859577255,
            -0.7600778435460197,
            -0.8206094678581752,
            -0.4080960123782659,
            -0.5249100987982955,
            0.3626668910164872,
            0.3877631076451837,
            1.252557613030564,
            -0.18050621086696275,
            -1.3350213045817128,
            0.3151411015030332,
            -0.3405206168669575,
            1.0784739641254657,
            1.854989689820162,
            -1.8391042681720053,
            -1.0289272232123547,
            0.9559903911720106,
            1.427352262673437
        ],
        [
            1.0601491266563305,
            -0.5767258929359514,
            1.351439109122206,
            0.8829598889841824,
            -0.005297758935271576,
            0.09515178027680564,
            0.11659444440646383,
            -1.0919804670137134,
            0.20633271971595427,
            1.2044714801230771,
            -0.5203354889227737,
            1.4675355610949479,
            -0.6768954636556337,
            -0.265318088294014,
            -0.7857396074337929,
            -0.20306748262802632,
            -1.7380547517040619,
            1.79578472055495,
            0.6210866367832163,
            -1.3349920006206661
        ],
        [
            -0.11767348556300215,
            -0.11405784715707357,
            -0.47009943684393296,
            0.037575371098131506,
            0.43489463552907703,
            1.379431471565953,
            -0.3665503553533839,
            -0.07619619879011144,
            0.8752459179913495,
            -0.10681560635523485,
            0.40462451508983205,
            -0.05680344030056531,
            0.5928230795502651,
