{
    "classes": [
        "angry",
        "love",
        "like",
        "haha",
        "wow",
        "sad"
    ],
    "datetime": 1504007275.8183758,
    "synapse0": [
        [
            0.7666613082974829,
            0.22714206757844077,
            -0.7389277313101587,
            -1.013847211054844,
            -0.13769377547443773,
            -0.5038032208097882,
            -0.9426173792839562,
            -0.09818168796214355,
            -0.5836108774589932,
            -0.6406884061731536,
            0.8311920966989879,
            0.4131344411048806,
            -0.42859355215625916,
            0.9458528768093238,
            -0.4636938719994046,
            0.5181016490527784,
            0.4491999320455621,
            0.037740354608664796,
            -1.0611155053963872,
            -0.3842348128841096
        ],
        [
            0.3867566647805222,
            1.3366023901860427,
            -0.8881803636534771,
            0.8188587857469954,
            0.5964990322901158,
            0.7977979694521361,
            -0.15892622355077157,
            -0.6231199642857236,
            -0.13388296223578172,
            1.2097995696070025,
            -0.8833737496872753,
            -1.0685924826494697,
            1.08475694585051,
            -0.6088531896831997,
            0.11739873620346222,
            0.045260953597590386,
            -0.38306621371686683,
            0.06769627091240596,
            -0.2334611287994895,
            0.7569644329387964
        ],
        [
            0.7629897052424265,
            0.896410547506924,
            -0.9541407358431524,
            1.0127722113113613,
            -0.9498272591466768,
            -0.09562830520374489,
            1.4881763598958664,
            -0.11400123400412512,
            0.10200687580778332,
            -0.2864282930152779,
            -1.0413335016127987,
            -0.5531366667797979,
            -0.4077658824503536,
            -1.1440904408847514,
            -0.2832091731368059,
            -0.4790452181803789,
            -0.6078328580959863,
            -1.3080979230707432,
            0.908573390318691,
            0.656192523090724
        ],
        [
            -1.039043747763321,
            -1.44806655691954,
            1.1476605144310381,
            0.006047818534248863,
            -1.5049723717360972,
            0.28232113885650767,
            1.0528202999434313,
            0.1893130517613628,
            0.6823220080846834,
            0.882055147776362,
            1.4778600637093045,
            -1.4088184503021053,
            -1.1132118121017418,
            0.7849639277486145,
            0.7736600593577223,
            -0.3344885818745912,
            1.2486627827960142,
            0.9155631664208389,
            -0.01023874017874117,
            0.2988749277295793
        ],
        [
            0.6390429361987237,
            0.3727104664483517,
            0.62882358003523,
            -0.38200262874747887,
            0.01735037122023204,
            1.9184340882893365,
            0.5573212778439077,
            0.1705974035543355,
            1.4287053661677616,
            -0.13758464451289676,
            -0.6474378580600817,
            0.15465530842561348,
            -0.8867931579428058,
            0.10909605362493768,
            -0.05312124047142785,
            -0.7659833027034465,
            0.8134335253088298,
            -0.40956405081304414,
            -0.4452196323939701,
            1.0152270897820437
        ],
        [
            0.06863244927122879,
            0.8861550148135661,
            0.5386906520040396,
            -0.4662020260254613,
            1.654237073871193,
            -0.1744252243706763,
            -0.8796383436252754,
            1.4569371017169033,
            0.18153108957409225,
            1.9419029624388058,
            -0.31407758384464907,
            -2.1711858672326585,
            1.3088900547131967,
            0.9243786268600475,
            -2.86461591170589,
            0.9057500236868198,
            0.5886521273543985,
            1.4859100138545391,
            -0.472476764184146,
            -1.9194101731796027
        ],
        [
            -1.6661727987749322,
            -1.487251568388292,
            -0.3141487696628477,
            -0.2873965535113445,
            1.4042780613527428,
            -0.2548698743381984,
            -0.0386595079631904,
            0.10851916167317237,
            -0.8999314744352711,
            0.1254429716278484,
            -0.5476250667948626,
            1.1736326666221724,
            0.6818658527077062,
            -0.8129502929888519,
            0.627224936406039,
            -1.2561417123315415,
            0.6586689303044753,
            0.4342389713350887,
            1.288582550816268,
            0.25586964095962467
        ],
        [
            0.5425918947884684,
            -1.4979220918727676,
            -1.028094987255446,
            -0.6810710316950277,
            -1.8130424320428251,
            -1.1704237056336566,
            -0.9825918398968513,
            1.0964653444786454,
            -0.6328152882480526,
            -1.8059765277181972,
            -0.40762738557988676,
            2.25622094313119,
            0.8105990540339384,
            -1.5620384150107225,
            1.5858380421919345,
            0.9242613731392316,
            -0.838193014166356,
            -0.6014144392226094,
            1.6745994799992714,
            1.5569104495584445
        ],
        [
            -1.226237548159351,
            -0.5521341136063043,
            0.8691496910583159,
            0.8781431103829279,
            -0.0021950467208549074,
            -1.2953795986666616,
            -1.0042591778962775,
            -0.6028524011719656,
            0.06438081863157125,
            0.7047784877785173,
            -1.0844187910671546,
            1.211673478807721,
            0.7192958526878812,
            -0.08996252648762593,
            0.1278560292806082,
            -0.23142139820061014,
            0.3829243259732774,
            0.18835679853237458,
            -0.3058314894457247,
            -0.498205248686532
        ],
        [
            0.015722408624136302,
            -1.8558305127289971,
            1.2643713064531783,
            -0.6892377578113198,
            -1.0842490924711798,
            0.8200374545121508,
            0.11209957475050981,
            0.438456589404623,
            -0.15752688564948505,
            1.5585610075710417,
            0.19764977410774112,
            -1.5518456772265337,
            0.07836741997405407,
            0.7145374094160604,
            1.7939380903937125,
            1.1987471622852166,
            -0.5784512320448693,
            0.6887556191726679,
            -0.27830623244774144,
            0.7449115984038983
        ],
        [
            0.1944191720396587,
            -0.4263671657534676,
            1.4604509538281258,
            0.5033137291752423,
            0.46423759226947675,
            -0.3605506688276872,
            0.06431750050522368,
            -0.47644678002891405,
            0.7040847487378139,
            1.4045424848728145,
            -0.9293923838643312,
            1.160966226864246,
            -0.09228325244279535,
            -0.5975858328554633,
            -0.7038820928617312,
            -0.7107659286598025,
            -0.9124918503846868,
            1.5544581056421383,
            1.2157297840388788,
            -1.2083356830305005
        ],
        [
            -0.8623399614204524,
            0.06420638748091285,
            -1.2530350303501814,
            1.0531949386615496,
            -0.46680596693539367,
            0.8887996071111758,
            0.835013713603836,
            1.0564344380721955,
            1.2159250894195184,
            1.2642992001654736,
            -0.1603068857197797,
            -0.8181141006188367,
            0.7661850678535888,
