{
    "classes": [
        "love",
        "like"
    ],
    "datetime": 1503960406.512577,
    "synapse0": [
        [
            -0.22187866126983077,
            0.25792957079572604,
            -0.84848406017576,
            -0.06232673622089985,
            -0.8153709669894116,
            -0.7090691678493023,
            -0.23928968994431807,
            -0.4349196560893178,
            -0.06833235039367136,
            0.07260631241518778,
            -0.2809922477787037,
            0.035261822492885474,
            -0.6142690990482529,
            0.7970221705431181,
            -0.9505353312455124,
            0.4839253792139873,
            -0.30116358769325957,
            0.15973921562843726,
            -0.46672248711532666,
            -0.8916844103292513
        ],
        [
            0.8788229696782782,
            1.4170673604077817,
            -0.5629905061368493,
            0.07802121719919725,
            0.6197759158149483,
            1.0955558851225076,
            -0.8807496659114933,
            -0.8181822658770369,
            -0.9902210501382746,
            0.7456546403978234,
            -0.782947736761098,
            -0.0973536610266247,
            1.074893997898603,
            -0.08327634932826886,
            0.3876277106429698,
            -0.7973990288491586,
            0.45725670959865955,
            0.5922418105720848,
            -1.3832236529812825,
            0.941402775065665
        ],
        [
            0.6444656748108107,
            -0.16693231629789212,
            -0.09798596322630618,
            1.2181907895578301,
            -0.7694283466912377,
            -0.3043018631499026,
            1.2562189821375778,
            -0.642520981085263,
            0.04356526758509213,
            -0.734339644893963,
            -1.1010059564175005,
            -0.03793720138412097,
            -0.7590323041087803,
            -0.2785124642200217,
            -0.026037681822717613,
            -0.32185426004736334,
            -0.07179283567897522,
            -0.5871737582287843,
            0.8509149171704353,
            -0.32948481363286786
        ],
        [
            -1.1285876453465318,
            -0.8351516494184331,
            0.729926368100379,
            0.4679906717086614,
            -0.8759734419543475,
            -0.12829610367068922,
            0.7666172663909617,
            -0.19997105371599988,
            1.3572041023940198,
            0.1787132918734652,
            0.6670639584176775,
            -1.1206588589714248,
            -0.9037358416073813,
            0.8051767944545737,
            -0.2138303264123276,
            -0.09787095604765868,
            0.6349891141290689,
            -0.1850991885493852,
            1.1739280496361841,
            -0.2770055629738264
        ],
        [
            1.043946014738825,
            0.7278886230802031,
            0.3120460055993442,
            -0.6088273301837427,
            -0.5931466052470764,
            1.0981149945069482,
            -0.19465570890845782,
            1.03338826195398,
            -0.0029988936305085146,
            0.23276107395723794,
            -0.7501494585204478,
            0.959409606377412,
            0.058939204557486864,
            0.007172309499960417,
            -0.1798529117354139,
            -0.9543763303752288,
            0.8910138953599875,
            0.07034944012190386,
            -1.4140595536073484,
            0.6754039724171778
        ],
        [
            -0.06937636412860171,
            0.5346604134842027,
            0.5820453361662153,
            -0.5920844941344289,
            0.6840679130624701,
            0.5530627896984264,
            -1.019195602957925,
            0.962582635144721,
            0.05191194576644391,
            0.9840153344419581,
            -0.6349603877365411,
            -0.665297411778975,
            1.024305863671923,
            0.24402940370549409,
            -0.8641261718138408,
            0.0824958143436449,
            0.5920072311579727,
            0.7690395378703057,
            0.0032493095872838007,
            -0.31034393087993845
        ],
        [
            -0.682905899993204,
            -0.46703381727557974,
            -1.133225886413738,
            -0.8142018789333373,
            0.5870535085886477,
            0.38400468679811767,
            0.0548058687204869,
            0.7877699523764098,
            -1.0815352590275737,
            -0.4522630084387253,
            0.19187713848938034,
            0.9996225856026186,
            0.2811753761090299,
            -1.112312340528425,
            0.6051388281032669,
            -0.9624817431792434,
            0.6984652454730382,
            -0.3012882450943236,
            0.3072835014491961,
            0.9353574306500994
        ],
        [
            0.056557797305859005,
            -0.9098089647672223,
            -0.7288774307860265,
            -0.42430497000310896,
            -1.0197789915341042,
            -0.6787580991747121,
            -0.16039143548395107,
            0.29993685058994,
            0.2575666652532744,
            -0.9799151952732974,
            -0.9754327172063129,
            0.5993754816999078,
            0.11302732532859469,
            -0.5526262329167918,
            -0.5006590285007178,
            0.6306420670073798,
            -0.7449142302088794,
            0.2050774132834495,
            1.1925436138708359,
            0.40577021448107037
        ],
        [
            -0.24297064937762394,
            0.4680836375064405,
            0.05007257430742585,
            0.3513377849609248,
            -0.8194195994849598,
            -0.6565050375303607,
            -0.9107938012126044,
            0.07639838953126743,
            -0.11722296596074454,
            0.12707250771195863,
            -0.3449165857828719,
            1.0376633977881677,
            0.3186053760892043,
            -0.38932457402720405,
            0.10576992097781822,
            0.062238570951715755,
            0.4227206411418614,
            -0.5471704178970425,
            -1.2871305388127827,
            0.18128254100394248
        ]
    ],
    "synapse1": [
        [
            0.2763908689732531,
            -0.598636387137792
        ],
        [
            1.0718044379853586,
            -1.4200451864861063
        ],
        [
            -0.6533996041055996,
            0.7689217646215482
        ],
        [
            -1.3662675114823182,
            0.9933864330986529
        ],
        [
            0.39309868149813204,
            0.4942486381555961
        ],
        [
            0.07767506061820982,
            -1.4059308217273487
        ],
        [
            -0.7386126037672637,
            1.7162830248246521
        ],
        [
            1.435111006318232,
            0.23111128523977878
        ],
        [
            -1.9510885022683189,
            0.3964433022115191
        ],
        [
            0.8628048396093118,
            0.2566430528136068
        ],
        [
            0.5851725764827888,
            0.4201382043225459
        ],
        [
            1.2349274529234515,
            -0.14344999273280185
        ],
        [
            0.894632795064427,
            -1.1425259159617613
        ],
        [
            -0.41865516742260983,
            0.6896344596061491
        ],
        [
            0.8528470172190307,
            0.8296816185205155
        ],
        [
            -0.557824607959454,
            1.2236072440806258
        ],
        [
            -0.21050842606879103,
            -1.2086092734604166
        ],
        [
            -0.2903244029300774,
            -0.4505798933387987
        ],
        [
            -2.484405389795778,
            2.3693325438012236
        ],
        [
            0.9210314520561764,
            -1.2361902142538042
        ]
    ],