{
    "classes": [
        "angry",
        "sad",
        "like",
        "haha",
        "love",
        "wow"
    ],
    "datetime": 1505473255.3084998,
    "synapse0": [
        [
            -0.9605644882298685,
            1.3117217181601113,
            -1.7341995238741768,
            1.0559108407357094,
            -0.014942560697128175,
            -1.9879079311164596,
            -0.9925050367943284,
            1.3500429167933272,
            -1.7842331198780697,
            -0.08997101805489517,
            1.3368273150620567,
            0.8989968201156399,
            0.18854889925453788,
            0.5298757289454081,
            0.11824912068908697,
            1.070740161555181,
            -0.06742762252492811,
            -0.6240536152827463,
            -1.9576361095277353,
            -2.0756003559094385
        ],
        [
            1.1360109551466562,
            0.390914040665192,
            -0.0903889561088788,
            0.5736950988391333,
            -0.1768742575141214,
            1.932369551920413,
            -0.8530251580609307,
            -1.366379778122081,
            -1.1607950835234355,
            1.0427643571099614,
            -0.7758411820835307,
            -1.2147322599198735,
            0.7367576193030229,
            0.47170937231996307,
            0.7220816869014457,
            0.020262170319404447,
            1.233322605913077,
            1.2431336337486079,
            -1.6576338130496848,
            0.9204905995174385
        ],
        [
            0.4292934448713103,
            0.9268428008004401,
            -0.7101525798090811,
            0.8927058349620663,
            -1.2293439793786713,
            -0.5798228726284732,
            1.5216579784376003,
            0.13034391284306263,
            0.18951862708658834,
            -0.3542849614209432,
            -0.9886021968539738,
            0.1960450041160002,
            -1.1426452892724674,
            -1.2618675435007696,
            -0.09046158584592187,
            0.052136910480575394,
            0.1285346087214416,
            -1.5013725050731497,
            0.5093233633638253,
            1.0536997604577418
        ],
        [
            -0.9351555321341818,
            -0.48520253372709393,
            -0.13978484986173037,
            -0.6021527324588446,
            -0.5354358082464828,
            0.49906912932364683,
            0.8543807466644036,
            0.4696808312498673,
            0.9066660075024768,
            0.5932211606693224,
            1.3446430342818072,
            -1.192722382764022,
            -0.5729561590215468,
            0.7870599628636286,
            -1.0069689006857885,
            -0.9692809701956184,
            1.2346119935200253,
            0.13743911529182987,
            0.5194262102209565,
            -0.037893925246992054
        ],
        [
            0.2181834494699468,
            0.6778559061519782,
            0.23084430411679577,
            0.011943862014762663,
            -0.8959402090039434,
            0.31616251141184964,
            0.5606493519940061,
            1.472795710392466,
            0.9408509455507897,
            0.6290493347607473,
            -0.7978441666878175,
            0.7373524556503643,
            -0.6660772543126966,
            -0.6361816334709198,
            -0.25733429888403814,
            0.4194657807324735,
            0.7870584388619213,
            -0.6474706815401822,
            -0.6635470563804259,
            0.8884728676573247
        ],
        [
            -0.4865345862456471,
            -0.2591983048510027,
            0.24329903330433117,
            -0.7159717515076531,
            1.1817275757008974,
            0.673996549076228,
            -0.4415660580820804,
            1.2987770746208154,
            0.39927033055471917,
            1.4147567805683339,
            -0.11747977960328516,
            -1.1934002917987414,
            1.0136820725512614,
            0.5659137084243848,
            -1.6703222292127795,
            0.21093674077543578,
            0.8873472096504357,
            1.2879564668938108,
            0.440851521205585,
            -1.2413479720035707
        ],
        [
            -1.1000641221103047,
            -1.260892535610771,
            -1.471972189275614,
            -0.9380891363065617,
            1.0847131712270743,
            0.5049384461759325,
            0.6324354135963595,
            1.1239643918525004,
            -0.7341768742393275,
            -0.021521562312376147,
            0.7093577466226417,
            0.47151970558285583,
            0.27055158498834864,
            -0.7904280358095348,
            -0.20105722929564265,
            -0.8340408167474431,
            0.9938052239655012,
            0.21762868392916182,
            0.7448857130675096,
            0.004353389526474136
        ],
        [
            1.3079122303253568,
            -1.1814300720495539,
            -0.49195885155258906,
            -2.6105271285816207,
            -1.0844077594519037,
            0.6300728122997339,
            -0.9967393138180705,
            -0.61798366489808,
            1.6628801619270834,
            -2.0366200448635543,
            -1.4690803606562077,
            1.218247532375698,
            -0.16914451470272085,
            -0.3313548778216708,
            -0.5501203447904127,
            -0.14569229396196096,
            -0.88050650319466,
            -0.4966855186396235,
            2.3070786766932803,
            1.9462914970494483
        ],
        [
            -1.1987710045688857,
            -0.5305012633233602,
            0.7108941394128288,
            1.441950844782833,
            -0.8388556769118317,
            -1.3796097029727237,
            -0.23326142438596492,
            -0.7655591452639712,
            0.4320286061037518,
            1.2915443680629237,
            -1.3326220492204415,
            0.5997233403381097,
            0.22553673909324398,
            -0.4597973739347456,
            -0.6359692326283869,
            0.5897127247946052,
            0.3690905283600507,
            0.3564458557640698,
            -0.2829173185155038,
            -0.19531389133808047
        ],
        [
            0.7939568318387229,
            -1.1252610909439398,
            0.7882737950502434,
            -0.677877169791265,
            -1.4090223649491105,
            1.7526653523994096,
            -0.6362450155538311,
            -0.16556758282794598,
            -0.4511153044051292,
            1.1360952910498443,
            -0.4459413087754075,
            -1.9250253285619343,
            0.2911104855793506,
            0.9497348614604029,
            1.1539591640075537,
            1.2531750467009561,
            -0.11177610349890198,
            0.042606462196721914,
            -0.460653653734749,
            1.318234611002725
        ],
        [
            0.235792630776175,
            -0.2896366967376445,
            1.2904732785478747,
            0.5639244180155597,
            0.9930255167186934,
            -1.1123270730661694,
            0.15396186256461875,
            -0.7377797956287772,
            0.9582205089486947,
            1.3191711205635392,
            -1.1777246796734901,
            1.7675896600883774,
            0.15888059623314135,
            -0.5798386204312876,
            -1.732426909364644,
            -1.2242745342183106,
            -1.7669457962852078,
            1.9434945278047067,
            1.602142033149882,
            -1.979829335725428
        ],
        [
            -0.24678422414040957,
            0.08085935663851511,
            -1.084228814464022,
            0.21701303966204763,
            0.20750744649379024,
            1.1227143981001957,
            -0.6491550906892883,
            1.3726238058675326,
            0.6551470202638331,
            -0.4185518538261154,
            0.8051698978539061,
            0.9049463237380243,
            1.0715061435529336,
