{
    "classes": [
        "like",
        "love"
    ],
    "datetime": 1504000019.14787,
    "synapse0": [
        [
            -0.131017094760719,
            0.4462230844393159,
            -1.0839480596515048,
            -0.3569216059657753,
            -0.7503536197217417,
            -0.6803162854734758,
            -0.6276105222079509,
            -0.4248892407493863,
            -0.20001666049207564,
            0.01786634366529815,
            0.2892497333276042,
            0.28372257704995424,
            -0.5900969513103924,
            0.7042806587415161,
            -0.9354295775700268,
            0.292552970394517,
            -0.1633788265643365,
            0.16765283804539327,
            -0.7420722036247167,
            -0.4631610204881668
        ],
        [
            0.9069645873835891,
            1.3831226375613037,
            -0.6385774467252034,
            0.06066255350943708,
            0.6846740591275406,
            1.102431446945065,
            -0.8192474534462747,
            -1.1222116067430874,
            -0.8555977551541613,
            0.8118190506933397,
            -0.2676580706051461,
            -0.26241402194593194,
            0.8881226882291744,
            0.25959542305475375,
            0.44486998009098994,
            -0.8334308339245505,
            0.35822949157162653,
            0.5380499396989263,
            -1.568228075126441,
            1.1523963690805448
        ],
        [
            0.7071856236146102,
            0.05530592019217202,
            -0.25786302211369555,
            0.9409545835027173,
            -0.7693091427361533,
            -0.2824245425966293,
            0.8063959374087304,
            -0.32846122487926876,
            -0.22274233749741276,
            -0.8552440239393707,
            -1.0460536414671426,
            0.3755839140922528,
            -0.5480888467014792,
            -0.7141257484046466,
            -0.06817419759524689,
            -0.4771948637914551,
            0.16501914347697652,
            -0.5250682649386714,
            0.7605696228062118,
            -0.11195501780666177
        ],
        [
            -0.48985569231183373,
            0.2747114617616469,
            0.12337451241180473,
            -0.4956241387753843,
            -0.9681973275723617,
            0.38501093176838963,
            0.3382534142537501,
            -0.1705429490922358,
            0.6939309176983276,
            0.22864412483849775,
            1.3424520923045244,
            -0.8296798636635642,
            -0.7491036775703124,
            0.8080474305277718,
            -0.14353057383889023,
            -1.133753701702786,
            0.8402447970005255,
            -0.43566968460480254,
            -0.10318042354251801,
            1.1041037098915127
        ],
        [
            0.49607562821323953,
            -0.1936809744562891,
            0.6831338618121703,
            0.06019261055542277,
            -0.4359053723613806,
            0.6135608414436926,
            -0.15461268903487135,
            1.0139905726701388,
            0.5285899809667838,
            0.128090272242318,
            -0.8552956113009915,
            0.9168913656266132,
            -0.07152081174171744,
            -0.08843983837483202,
            -0.2350469106333611,
            -0.10986599353956061,
            0.8235429736174653,
            0.32883355859427965,
            -0.4123007969380399,
            -0.27718191060707753
        ],
        [
            -0.3117713006216764,
            0.05969030207022207,
            0.6877073893353489,
            -0.24704723122445593,
            0.7732049004836306,
            0.38172675657253274,
            -0.9684884592701801,
            0.7428637726520401,
            0.3882422260804335,
            0.9348785765615477,
            -0.2044582787883299,
            -0.8124449244858128,
            0.8661894753008998,
            0.3416821089394213,
            -0.8582044185217541,
            0.4625440552426452,
            0.509763945623907,
            0.8963222522468577,
            0.4002034364417562,
            -0.6108220747135948
        ],
        [
            -1.230776286518788,
            -1.3886034148120712,
            -0.7621380302009149,
            -0.1451819381941709,
            0.7442947414743387,
            -0.10054946626513633,
            0.09484888859407119,
            0.7683722630925878,
            -0.5499463844302889,
            -0.5569338101536495,
            0.08673098570883583,
            0.9571043448518198,
            0.15071535980982106,
            -1.207924488403209,
            0.5499448292053095,
            -0.11797140634357485,
            0.630994323730516,
            -0.04280412662194979,
            1.3090422581185115,
            -0.017228452374155226
        ],
        [
            -0.15805608621754424,
            -1.1681149372461428,
            -0.6989156272180808,
            -0.394917161918789,
            -0.8866573988019139,
            -0.9632233367362553,
            -0.5593763915617513,
            0.5102884391387291,
            0.32114094943817395,
            -1.0901892078577018,
            -0.9408389978287683,
            0.9524655082130148,
            0.16485584513828538,
            -0.8386325978271182,
            -0.5466690270152765,
            0.9037317541245651,
            -0.5923571052884047,
            0.3441924397962233,
            1.5219985271762784,
            0.1821858651315463
        ],
        [
            -0.7908410359032069,
            -0.4534859600300471,
            0.4211604305202536,
            1.0203577257001024,
            -0.6621783665992688,
            -1.1410591905936212,
            -0.8707507813390161,
            0.05700070024743585,
            0.41436590863654943,
            0.022401705997035986,
            -0.4500627385634197,
            0.9951451570373685,
            0.18814535978999497,
            -0.4849367219019943,
            0.05057592207987024,
            0.9067489077873834,
            0.35524971939932043,
            -0.2886862994246735,
            -0.28537178214347364,
            -0.7713033420203119
        ]
    ],
    "synapse1": [
        [
            0.3748509727842814,
            -0.7038366437716639
        ],
        [
            1.609639041916105,
            -1.7712974243320405
        ],
        [
            -0.22315778455985022,
            0.4156626475616745
        ],
        [
            -0.8618312441397189,
            0.5034454948012781
        ],
        [
            0.5951720249007435,
            0.415908933408761
        ],
        [
            0.373190513467036,
            -1.5558113462574363
        ],
        [
            0.49358955951650135,
            0.5232913429126922
        ],
        [
            -0.11626335350955723,
            1.5900129558529021
        ],
        [
            -1.0001717624019988,
            -0.5005681297769046
        ],
        [
            1.20642023328446,
            0.10928658208204411
        ],
        [
            1.7109583476432746,
            -0.5472825848097733
        ],
        [
            -0.5064294924444708,
            1.3241780614431578
        ],
        [
            -0.1194317725500933,
            -0.11691766435884607
        ],
        [
            1.368982032168331,
            -0.8398823906161822
        ],
        [
            0.9289207499580134,
            0.7714499502336207
        ],
        [
            -0.8079787257875425,
            1.4231240097645277
        ],
        [
            -0.7325987092041416,
            -0.7014473587162133
        ],
        [
            -0.48657649881023446,
            -0.1779976704430832
        ],
        [
            -1.9157359386635402,
            1.6794666480330704
        ],
        [
            1.1291189173051333,
            -1.3971922896985496
        ]
    ],