{
    "classes": [
        "like",
        "love"
    ],
    "datetime": 1503998673.2873404,
    "synapse0": [
        [
            -0.33036410242512976,
            0.17456995859583302,
            -0.4978829874437228,
            0.13492741613189407,
            -0.6521048187458602,
            -1.0460413725065865,
            -0.6235243570722057,
            -0.6877511467196545,
            -0.24150573239100942,
            0.5417850276293559,
            -0.46191451726870875,
            0.38435833045823947,
            -0.7783328125924647,
            0.8351773235295856,
            -0.7427190200893168,
            0.48477361063024627,
            -0.13439149494288488,
            0.3499485521397942,
            -0.6783155590371919,
            -1.3616103453767465
        ],
        [
            0.4370810255207956,
            0.6704441231503102,
            0.12873661924007002,
            0.9149075022068405,
            0.8071617042119903,
            0.5584947649635104,
            -0.8259563570879916,
            -1.3007630343399883,
            -0.6953798417232104,
            1.2204365664814598,
            -1.1036098784092,
            -0.1438654203251787,
            0.7285417482455043,
            0.14527302069372408,
            0.5862600214157759,
            -0.22513014771443104,
            0.4040007556860286,
            0.9018202390430395,
            -0.9225128815392758,
            -0.2575246936565728
        ],
        [
            0.8133140659827068,
            0.23025228047119572,
            0.06277624705039368,
            1.1088209277711865,
            -0.7391645872248023,
            -0.3349315096923704,
            0.8211462263586436,
            -0.7916443040583903,
            -0.45949000367965276,
            -0.27579129614080455,
            -1.2615696303347061,
            0.3715903955445024,
            -0.7639810800553815,
            -0.3899642305078594,
            0.1856521120755087,
            -0.7494363194923975,
            0.17923411130688732,
            -0.4739739549400875,
            0.21952163757890614,
            -0.3582966035046466
        ],
        [
            -0.8803324290205137,
            -0.2928286187090196,
            0.45044872271367004,
            -0.1222998272439534,
            -0.9865621878730885,
            0.12626292341055492,
            0.3118751935618666,
            -0.12080694642677582,
            0.9125544869912469,
            0.04669050812188689,
            1.242947774000723,
            -0.780792060734355,
            -0.6714988759586956,
            0.6188631243232562,
            -0.17801258337732767,
            -0.834709350641465,
            0.7901850469607073,
            -0.2899702464914177,
            0.5153089224459183,
            0.4079339652264975
        ],
        [
            0.6022040705813371,
            -0.018734614177267093,
            1.003773130976259,
            0.2280589548238996,
            -0.4057608168500356,
            0.5610538743479494,
            -0.13986240008495662,
            0.5508074934910219,
            0.2918423147845459,
            0.7075430000408849,
            -1.0708116001685475,
            0.9128978470788564,
            -0.28741304509561955,
            0.23572167952195308,
            0.018779399037393958,
            -0.38210744924050255,
            0.8377579414473711,
            0.37992786859286254,
            -0.9533487821653415,
            -0.5235234963050626
        ],
        [
            -0.26730337130169607,
            0.19925463845554786,
            0.33164434295814793,
            -0.7663811171609745,
            0.6762177964544215,
            0.5319089052073206,
            -0.9880268313570503,
            1.0871618977498976,
            0.44019949089582033,
            0.4040745683982221,
            0.08112850619090131,
            -0.7953892994337837,
            1.1023766676696158,
            0.31877441913631865,
            -1.0438717054191142,
            0.20166977005616443,
            0.41192136276827684,
            0.6279782098622407,
            0.39582366965821253,
            -0.03770675798356681
        ],
        [
            -1.0452410189965793,
            -1.068518620592711,
            -0.8817386167002281,
            -0.45823623109166817,
            0.6335867916005132,
            0.13213224026283757,
            0.08992986049381894,
            0.5334766141758204,
            -0.7282883947505575,
            -0.5680522148598206,
            0.6076624863415157,
            0.883450027612519,
            0.17200886805120721,
            -0.9586248743499054,
            0.6278990880128399,
            -0.6994691971932897,
            0.5493782774061978,
            -0.20978067785408958,
            0.7407684252924646,
            0.4501812799999638
        ],
        [
            0.19188729313494945,
            -0.5819511147383035,
            -1.32040447663898,
            -1.2382337256844953,
            -1.0517487482956591,
            -0.49982306816410266,
            -0.5682506398344535,
            0.654265391027713,
            0.1778396199702576,
            -1.5654591721864952,
            -0.11960395112078277,
            0.8648918613090049,
            0.3733866654351675,
            -0.6682754345215011,
            -0.6712205617225846,
            0.17839537300141758,
            -0.7049720519355882,
            -0.05535300668420783,
            0.912814130577899,
            1.4074089210521687
        ],
        [
            -0.6847125935351103,
            -0.27853959975102677,
            0.741799699684346,
            1.1882240699685682,
            -0.6320338110879178,
            -1.1935661576893641,
            -0.8560004923891028,
            -0.40618237893169107,
            0.17761824245431107,
            0.6018544337956042,
            -0.6655787274309787,
            0.9911516384896116,
            -0.027746873563906458,
            -0.16077520400520964,
            0.30440223175062575,
            0.6345074520864458,
            0.3694646872292305,
            -0.2375919894260915,
            -0.8264197673707763,
            -1.0176449277182955
        ]
    ],
    "synapse1": [
        [
            -0.18812174805044077,
            -0.1773874775542348
        ],
        [
            -0.2381856342397912,
            -0.18896666328214073
        ],
        [
            -0.8024346206816526,
            0.8424670182629215
        ],
        [
            -2.2522526380663805,
            1.7705808147141866
        ],
        [
            0.5207315421949149,
            0.35107869086311855
        ],
        [
            -0.22753749044832605,
            -1.1580832702152812
        ],
        [
            0.4688462285667219,
            0.5055760455577889
        ],
        [
            2.017161192122285,
            -0.3803737750881693
        ],
        [
            -0.4226031128361766,
            -1.1442060148932958
        ],
        [
            -0.8446055982382591,
            1.825248062864632
        ],
        [
            2.0357102692082725,
            -1.0114975902905041
        ],
        [
            0.03389043116435792,
            0.9204117131144134
        ],
        [
            0.5478969292416902,
            -0.8312026423282332
        ],
        [
            -0.15222881567918345,
            0.3707755643624504
        ],
        [
            0.22729958579685405,
            1.3652461212071185
        ],
        [
            0.172693448808926,
            0.5105820947822632
        ],
        [
            -1.1209696755305953,
            -0.44191011479550335
        ],
        [
            -0.5892939878123189,
            -0.22356070775738335
        ],
        [
            0.6717217647027985,
            -0.7702856021297804
        ],
        [
            1.6673385957365354,
            -2.013908021796616
        ]
    ],